suite,family,param_name,param_value,nodes,edges_or_free,connectivity,instance,seed,algo,heuristic,heap,admissible,found,cost,expanded,generated,stale_pops,peak_open,container_bytes,peak_alloc_bytes,time_mean_s,time_min_s,time_std_s,reps
density,grid,obstacle_density,0,262144,262144,4,0,9681512475034255971,bfs,none,queue,1,1,1022,262144,262144,0,512,1048576,4718592,0.0042738596,0.003196175,0.001301683304,5
density,grid,obstacle_density,0,262144,262144,4,0,9681512475034255971,dijkstra,none,binary,1,1,1022,262144,262144,0,512,12288,3164160,0.0285913712,0.028314037,0.0004565690148,5
density,grid,obstacle_density,0,262144,262144,4,0,9681512475034255971,astar,zero,binary,1,1,1022,262144,262144,0,512,12288,3164160,0.0280448178,0.026298328,0.001064471934,5
density,grid,obstacle_density,0,262144,262144,4,0,9681512475034255971,astar,manhattan,binary,1,1,1022,1023,2043,0,1021,24576,3182592,0.0003357822,0.000288073,4.286670943e-05,5
density,grid,obstacle_density,0,262144,262144,4,0,9681512475034255971,astar,euclidean,binary,1,1,1022,261123,262144,0,1022,24576,3182592,0.0296227164,0.027558878,0.002247688978,5
density,grid,obstacle_density,0,262144,262144,4,1,11487119590370912171,bfs,none,queue,1,1,1022,262144,262144,0,512,1048576,4718592,0.004148471,0.003510205,0.0006356916904,5
density,grid,obstacle_density,0,262144,262144,4,1,11487119590370912171,dijkstra,none,binary,1,1,1022,262144,262144,0,512,12288,3164160,0.028015317,0.026387366,0.001706805573,5
density,grid,obstacle_density,0,262144,262144,4,1,11487119590370912171,astar,zero,binary,1,1,1022,262144,262144,0,512,12288,3164160,0.0305567798,0.0256975,0.005379003744,5
density,grid,obstacle_density,0,262144,262144,4,1,11487119590370912171,astar,manhattan,binary,1,1,1022,1023,2043,0,1021,24576,3182592,0.0003105056,0.00028302,3.043475345e-05,5
density,grid,obstacle_density,0,262144,262144,4,1,11487119590370912171,astar,euclidean,binary,1,1,1022,261123,262144,0,1022,24576,3182592,0.0293565694,0.028353745,0.0009227104127,5
density,grid,obstacle_density,0,262144,262144,4,2,2115756322636925938,bfs,none,queue,1,1,1022,262144,262144,0,512,1048576,4718592,0.0055417534,0.004950818,0.0005007464965,5
density,grid,obstacle_density,0,262144,262144,4,2,2115756322636925938,dijkstra,none,binary,1,1,1022,262144,262144,0,512,12288,3164160,0.025708669,0.024507552,0.002263198992,5
density,grid,obstacle_density,0,262144,262144,4,2,2115756322636925938,astar,zero,binary,1,1,1022,262144,262144,0,512,12288,3164160,0.0375526994,0.029351491,0.007205571578,5
density,grid,obstacle_density,0,262144,262144,4,2,2115756322636925938,astar,manhattan,binary,1,1,1022,1023,2043,0,1021,24576,3182592,0.0005159972,0.000433644,0.0001185531989,5
density,grid,obstacle_density,0,262144,262144,4,2,2115756322636925938,astar,euclidean,binary,1,1,1022,261123,262144,0,1022,24576,3182592,0.043823345,0.04167367,0.002286368526,5
density,grid,obstacle_density,0,262144,262144,4,3,2350453224014001488,bfs,none,queue,1,1,1022,262144,262144,0,512,1048576,4718592,0.0067998426,0.006489677,0.0003615280082,5
density,grid,obstacle_density,0,262144,262144,4,3,2350453224014001488,dijkstra,none,binary,1,1,1022,262144,262144,0,512,12288,3164160,0.0412172518,0.037294093,0.003527174468,5
density,grid,obstacle_density,0,262144,262144,4,3,2350453224014001488,astar,zero,binary,1,1,1022,262144,262144,0,512,12288,3164160,0.046252617,0.044301141,0.002038752099,5
density,grid,obstacle_density,0,262144,262144,4,3,2350453224014001488,astar,manhattan,binary,1,1,1022,1023,2043,0,1021,24576,3182592,0.0006131534,0.0005241,0.0001441779831,5
density,grid,obstacle_density,0,262144,262144,4,3,2350453224014001488,astar,euclidean,binary,1,1,1022,261123,262144,0,1022,24576,3182592,0.0503710504,0.048099525,0.002698090643,5
density,grid,obstacle_density,0,262144,262144,4,4,3201392498798369693,bfs,none,queue,1,1,1022,262144,262144,0,512,1048576,4718592,0.0078453496,0.007612743,0.0002294709091,5
density,grid,obstacle_density,0,262144,262144,4,4,3201392498798369693,dijkstra,none,binary,1,1,1022,262144,262144,0,512,12288,3164160,0.0253737498,0.019830689,0.006146907162,5
density,grid,obstacle_density,0,262144,262144,4,4,3201392498798369693,astar,zero,binary,1,1,1022,262144,262144,0,512,12288,3164160,0.0201641202,0.020038569,0.0001899777781,5
density,grid,obstacle_density,0,262144,262144,4,4,3201392498798369693,astar,manhattan,binary,1,1,1022,1023,2043,0,1021,24576,3182592,0.0002755778,0.000248435,2.354112638e-05,5
density,grid,obstacle_density,0,262144,262144,4,4,3201392498798369693,astar,euclidean,binary,1,1,1022,261123,262144,0,1022,24576,3182592,0.0215521072,0.021444669,8.610431066e-05,5
density,grid,obstacle_density,0.05,262144,248926,4,0,2855310096508063898,bfs,none,queue,1,1,1022,248925,248925,0,510,1048576,4718592,0.0034018324,0.003314212,0.0001204045571,5
density,grid,obstacle_density,0.05,262144,248926,4,0,2855310096508063898,dijkstra,none,binary,1,1,1022,248925,248925,0,510,12288,3164160,0.0197763278,0.019715367,5.708269809e-05,5
density,grid,obstacle_density,0.05,262144,248926,4,0,2855310096508063898,astar,zero,binary,1,1,1022,248925,248925,0,510,12288,3164160,0.0204362884,0.02042202,1.976626455e-05,5
density,grid,obstacle_density,0.05,262144,248926,4,0,2855310096508063898,astar,manhattan,binary,1,1,1022,8164,15674,0,7511,196608,3440640,0.001104668,0.001079355,2.32701075e-05,5
density,grid,obstacle_density,0.05,262144,248926,4,0,2855310096508063898,astar,euclidean,binary,1,1,1022,247555,248497,0,947,24576,3182592,0.0222142252,0.021939987,0.0001736971238,5
density,grid,obstacle_density,0.05,262144,249110,4,1,14106600394191290447,bfs,none,queue,1,1,1022,249108,249108,0,513,1048576,4718592,0.0034447506,0.003397091,7.509271987e-05,5
density,grid,obstacle_density,0.05,262144,249110,4,1,14106600394191290447,dijkstra,none,binary,1,1,1022,249108,249108,0,513,24576,3182592,0.0198925444,0.01977426,8.81064028e-05,5
density,grid,obstacle_density,0.05,262144,249110,4,1,14106600394191290447,astar,zero,binary,1,1,1022,249108,249108,0,513,24576,3182592,0.020425036,0.020326695,7.46398184e-05,5
density,grid,obstacle_density,0.05,262144,249110,4,1,14106600394191290447,astar,manhattan,binary,1,1,1022,5602,10838,0,5237,196608,3440640,0.0008011936,0.000768031,2.283799187e-05,5
density,grid,obstacle_density,0.05,262144,249110,4,1,14106600394191290447,astar,euclidean,binary,1,1,1022,247780,248725,0,953,24576,3182592,0.021894663,0.02170518,0.0001509123281,5
density,grid,obstacle_density,0.05,262144,249134,4,2,1346964580573532299,bfs,none,queue,1,1,1022,249131,249131,0,507,1048576,4718592,0.0035597302,0.003378502,0.0001744210374,5
density,grid,obstacle_density,0.05,262144,249134,4,2,1346964580573532299,dijkstra,none,binary,1,1,1022,249131,249131,0,507,12288,3164160,0.019909254,0.019749041,0.000121774591,5
density,grid,obstacle_density,0.05,262144,249134,4,2,1346964580573532299,astar,zero,binary,1,1,1022,249131,249131,0,507,12288,3164160,0.0248308402,0.020397459,0.004755542535,5
density,grid,obstacle_density,0.05,262144,249134,4,2,1346964580573532299,astar,manhattan,binary,1,1,1022,8035,15416,0,7382,196608,3440640,0.0013670528,0.001300628,6.587611368e-05,5
density,grid,obstacle_density,0.05,262144,249134,4,2,1346964580573532299,astar,euclidean,binary,1,1,1022,247826,248765,0,962,24576,3182592,0.0350401824,0.031381254,0.003129821282,5
density,grid,obstacle_density,0.05,262144,248901,4,3,17461950126451712546,bfs,none,queue,1,1,1022,248900,248900,0,508,1048576,4718592,0.006126206,0.005755823,0.0003535446156,5
density,grid,obstacle_density,0.05,262144,248901,4,3,17461950126451712546,dijkstra,none,binary,1,1,1022,248900,248900,0,506,12288,3164160,0.0264630612,0.023401831,0.002156092031,5
density,grid,obstacle_density,0.05,262144,248901,4,3,17461950126451712546,astar,zero,binary,1,1,1022,248900,248900,0,506,12288,3164160,0.0277782932,0.026014783,0.001177746385,5
density,grid,obstacle_density,0.05,262144,248901,4,3,17461950126451712546,astar,manhattan,binary,1,1,1022,7947,15227,0,7281,196608,3440640,0.0013128042,0.001218934,0.0001184062812,5
density,grid,obstacle_density,0.05,262144,248901,4,3,17461950126451712546,astar,euclidean,binary,1,1,1022,247467,248401,0,952,24576,3182592,0.0326189882,0.030039083,0.001814226405,5
density,grid,obstacle_density,0.05,262144,249044,4,4,3065302997649721855,bfs,none,queue,1,1,1022,249042,249042,0,507,1048576,4718592,0.0055340364,0.004399614,0.0007513747517,5
density,grid,obstacle_density,0.05,262144,249044,4,4,3065302997649721855,dijkstra,none,binary,1,1,1022,249042,249042,0,505,12288,3164160,0.0256590854,0.023447892,0.001871982348,5
density,grid,obstacle_density,0.05,262144,249044,4,4,3065302997649721855,astar,zero,binary,1,1,1022,249042,249042,0,505,12288,3164160,0.0323822602,0.026578699,0.004588879092,5
density,grid,obstacle_density,0.05,262144,249044,4,4,3065302997649721855,astar,manhattan,binary,1,1,1022,6616,12719,0,6104,196608,3440640,0.0015928634,0.00150414,0.0001108340166,5
density,grid,obstacle_density,0.05,262144,249044,4,4,3065302997649721855,astar,euclidean,binary,1,1,1022,247765,248685,0,951,24576,3182592,0.0316471736,0.028594566,0.003923349201,5
density,grid,obstacle_density,0.1,262144,235769,4,0,1271746815142144896,bfs,none,queue,1,1,1022,235745,235745,0,498,1048576,4718592,0.0046110164,0.004485941,0.0001017538672,5
density,grid,obstacle_density,0.1,262144,235769,4,0,1271746815142144896,dijkstra,none,binary,1,1,1022,235745,235745,0,498,12288,3164160,0.02990314,0.025152105,0.004207827401,5
density,grid,obstacle_density,0.1,262144,235769,4,0,1271746815142144896,astar,zero,binary,1,1,1022,235745,235745,0,498,12288,3164160,0.0264606366,0.024639836,0.002107418088,5
density,grid,obstacle_density,0.1,262144,235769,4,0,1271746815142144896,astar,manhattan,binary,1,1,1022,13344,23445,0,10102,393216,3735552,0.0020732478,0.00201082,5.692964256e-05,5
density,grid,obstacle_density,0.1,262144,235769,4,0,1271746815142144896,astar,euclidean,binary,1,1,1022,233302,234160,0,884,24576,3182592,0.029363909,0.028231362,0.0008303047819,5
density,grid,obstacle_density,0.1,262144,235971,4,1,15108600071940712355,bfs,none,queue,1,1,1021,235948,235948,0,502,1048576,4718592,0.004594431,0.004330397,0.0002346838002,5
density,grid,obstacle_density,0.1,262144,235971,4,1,15108600071940712355,dijkstra,none,binary,1,1,1021,235948,235948,0,501,12288,3164160,0.027291915,0.026630751,0.0007586630185,5
density,grid,obstacle_density,0.1,262144,235971,4,1,15108600071940712355,astar,zero,binary,1,1,1021,235948,235948,0,501,12288,3164160,0.0301442512,0.026943842,0.003365794836,5
density,grid,obstacle_density,0.1,262144,235971,4,1,15108600071940712355,astar,manhattan,binary,1,1,1021,10295,18309,0,8015,196608,3440640,0.002141512,0.002027571,0.0001594634897,5
density,grid,obstacle_density,0.1,262144,235971,4,1,15108600071940712355,astar,euclidean,binary,1,1,1021,233435,234310,0,896,24576,3182592,0.0335764014,0.027639689,0.004464187915,5
density,grid,obstacle_density,0.1,262144,236103,4,2,5788668003111437080,bfs,none,queue,1,1,1022,236082,236082,0,501,1048576,4718592,0.0047809132,0.004112356,0.0007793945909,5
density,grid,obstacle_density,0.1,262144,236103,4,2,5788668003111437080,dijkstra,none,binary,1,1,1022,236082,236082,0,500,12288,3164160,0.0285354306,0.022713667,0.004417771912,5
density,grid,obstacle_density,0.1,262144,236103,4,2,5788668003111437080,astar,zero,binary,1,1,1022,236082,236082,0,500,12288,3164160,0.0285800878,0.025941448,0.00388193589,5
density,grid,obstacle_density,0.1,262144,236103,4,2,5788668003111437080,astar,manhattan,binary,1,1,1022,10853,19295,0,8443,393216,3735552,0.0019630702,0.001837755,0.0001898531581,5
density,grid,obstacle_density,0.1,262144,236103,4,2,5788668003111437080,astar,euclidean,binary,1,1,1022,233504,234378,0,896,24576,3182592,0.0270196278,0.026866938,0.0001227401343,5
density,grid,obstacle_density,0.1,262144,235668,4,3,12514167063988505220,bfs,none,queue,1,1,1022,235645,235645,0,499,1048576,4718592,0.004641107,0.004565959,7.331809469e-05,5
density,grid,obstacle_density,0.1,262144,235668,4,3,12514167063988505220,dijkstra,none,binary,1,1,1022,235645,235645,0,495,12288,3164160,0.0260043118,0.0249807,0.001833905436,5
density,grid,obstacle_density,0.1,262144,235668,4,3,12514167063988505220,astar,zero,binary,1,1,1022,235645,235645,0,495,12288,3164160,0.0299550026,0.026361061,0.003089938249,5
density,grid,obstacle_density,0.1,262144,235668,4,3,12514167063988505220,astar,manhattan,binary,1,1,1022,11168,19718,0,8551,393216,3735552,0.002458768,0.002169735,0.0001733405813,5
density,grid,obstacle_density,0.1,262144,235668,4,3,12514167063988505220,astar,euclidean,binary,1,1,1022,233353,234204,0,881,24576,3182592,0.0320933298,0.030614406,0.001355156034,5
density,grid,obstacle_density,0.1,262144,235796,4,4,9550464337175866961,bfs,none,queue,1,1,1022,235759,235759,0,498,1048576,4718592,0.0055207734,0.00468631,0.0008297486862,5
density,grid,obstacle_density,0.1,262144,235796,4,4,9550464337175866961,dijkstra,none,binary,1,1,1022,235759,235759,0,498,12288,3164160,0.0317963156,0.028757485,0.002729334394,5
density,grid,obstacle_density,0.1,262144,235796,4,4,9550464337175866961,astar,zero,binary,1,1,1022,235759,235759,0,498,12288,3164160,0.0343131644,0.033661901,0.0004058796512,5
density,grid,obstacle_density,0.1,262144,235796,4,4,9550464337175866961,astar,manhattan,binary,1,1,1022,10188,17994,0,7807,196608,3440640,0.0023693682,0.002236971,0.0001194039801,5
density,grid,obstacle_density,0.1,262144,235796,4,4,9550464337175866961,astar,euclidean,binary,1,1,1022,233452,234297,0,885,24576,3182592,0.0333341268,0.027648175,0.003638796078,5
density,grid,obstacle_density,0.15,262144,222525,4,0,5046170360056166697,bfs,none,queue,1,1,1021,222416,222416,0,487,1048576,4718592,0.0072069164,0.006896176,0.0002737945642,5
density,grid,obstacle_density,0.15,262144,222525,4,0,5046170360056166697,dijkstra,none,binary,1,1,1021,222416,222416,0,487,12288,3164160,0.025234838,0.024330315,0.0006584692275,5
density,grid,obstacle_density,0.15,262144,222525,4,0,5046170360056166697,astar,zero,binary,1,1,1021,222416,222416,0,487,12288,3164160,0.0282926056,0.026853942,0.001844567375,5
density,grid,obstacle_density,0.15,262144,222525,4,0,5046170360056166697,astar,manhattan,binary,1,1,1021,21163,35045,0,13883,393216,3735552,0.0039578778,0.003692025,0.0001595517213,5
density,grid,obstacle_density,0.15,262144,222525,4,0,5046170360056166697,astar,euclidean,binary,1,1,1021,217592,218394,0,837,24576,3182592,0.027705979,0.026823581,0.0006059939223,5
density,grid,obstacle_density,0.15,262144,222944,4,1,8182294633905593159,bfs,none,queue,1,1,1021,222802,222806,0,488,1048576,4718592,0.0053417692,0.005113711,0.0001735137728,5
density,grid,obstacle_density,0.15,262144,222944,4,1,8182294633905593159,dijkstra,none,binary,1,1,1021,222803,222806,0,487,12288,3164160,0.0264851506,0.024755719,0.00226257219,5
density,grid,obstacle_density,0.15,262144,222944,4,1,8182294633905593159,astar,zero,binary,1,1,1021,222803,222806,0,487,12288,3164160,0.0266895012,0.024872516,0.001465516617,5
density,grid,obstacle_density,0.15,262144,222944,4,1,8182294633905593159,astar,manhattan,binary,1,1,1021,20336,33320,0,12985,393216,3735552,0.0039539542,0.003597562,0.0003037111591,5
density,grid,obstacle_density,0.15,262144,222944,4,1,8182294633905593159,astar,euclidean,binary,1,1,1021,218487,219296,0,832,24576,3182592,0.0345533944,0.033291441,0.00147068114,5
density,grid,obstacle_density,0.15,262144,222648,4,2,6799629687689316314,bfs,none,queue,1,1,1022,222507,222507,0,488,1048576,4718592,0.0072156704,0.007093541,0.000142408204,5
density,grid,obstacle_density,0.15,262144,222648,4,2,6799629687689316314,dijkstra,none,binary,1,1,1022,222507,222507,0,482,12288,3164160,0.0317302006,0.031493345,0.0001756977494,5
density,grid,obstacle_density,0.15,262144,222648,4,2,6799629687689316314,astar,zero,binary,1,1,1022,222507,222507,0,482,12288,3164160,0.0337865878,0.03341727,0.0005043738233,5
density,grid,obstacle_density,0.15,262144,222648,4,2,6799629687689316314,astar,manhattan,binary,1,1,1022,10589,17548,0,6960,196608,3440640,0.0024464276,0.002383875,8.552795051e-05,5
density,grid,obstacle_density,0.15,262144,222648,4,2,6799629687689316314,astar,euclidean,binary,1,1,1022,217869,218656,0,846,24576,3182592,0.0301775236,0.026841472,0.003903045465,5
density,grid,obstacle_density,0.15,262144,222857,4,3,15354976247048292476,bfs,none,queue,1,1,1021,222726,222726,0,492,1048576,4718592,0.0070816834,0.006706139,0.0003512445252,5
density,grid,obstacle_density,0.15,262144,222857,4,3,15354976247048292476,dijkstra,none,binary,1,1,1021,222726,222726,0,492,12288,3164160,0.0311070302,0.030280564,0.001159002643,5
density,grid,obstacle_density,0.15,262144,222857,4,3,15354976247048292476,astar,zero,binary,1,1,1021,222726,222726,0,492,12288,3164160,0.0260993786,0.025356082,0.0006355218747,5
density,grid,obstacle_density,0.15,262144,222857,4,3,15354976247048292476,astar,manhattan,binary,1,1,1021,16900,27944,0,11045,393216,3735552,0.0029490162,0.002826196,8.43264323e-05,5
density,grid,obstacle_density,0.15,262144,222857,4,3,15354976247048292476,astar,euclidean,binary,1,1,1021,217816,218627,0,851,24576,3182592,0.0315093898,0.028024298,0.003368061162,5
density,grid,obstacle_density,0.15,262144,222446,4,4,9421334386348019996,bfs,none,queue,1,1,1022,222293,222293,0,499,1048576,4718592,0.0051244684,0.004992399,7.744341559e-05,5
density,grid,obstacle_density,0.15,262144,222446,4,4,9421334386348019996,dijkstra,none,binary,1,1,1022,222293,222293,0,497,12288,3164160,0.0249564754,0.023890309,0.0009597613266,5
density,grid,obstacle_density,0.15,262144,222446,4,4,9421334386348019996,astar,zero,binary,1,1,1022,222293,222293,0,497,12288,3164160,0.038770987,0.025316995,0.0292994018,5
density,grid,obstacle_density,0.15,262144,222446,4,4,9421334386348019996,astar,manhattan,binary,1,1,1022,14981,24771,0,9791,393216,3735552,0.0024514854,0.002346869,0.000126578451,5
density,grid,obstacle_density,0.15,262144,222446,4,4,9421334386348019996,astar,euclidean,binary,1,1,1022,217676,218433,0,842,24576,3182592,0.0267366136,0.025457969,0.001004179584,5
density,grid,obstacle_density,0.2,262144,209667,4,0,11594663485207283587,bfs,none,queue,1,1,1022,209219,209219,0,463,1048576,4718592,0.007207093,0.007013395,0.0001687114955,5
density,grid,obstacle_density,0.2,262144,209667,4,0,11594663485207283587,dijkstra,none,binary,1,1,1022,209219,209219,0,462,12288,3164160,0.0376025896,0.030468943,0.004012020411,5
density,grid,obstacle_density,0.2,262144,209667,4,0,11594663485207283587,astar,zero,binary,1,1,1022,209219,209219,0,462,12288,3164160,0.0289198034,0.026148154,0.004880244785,5
density,grid,obstacle_density,0.2,262144,209667,4,0,11594663485207283587,astar,manhattan,binary,1,1,1022,16038,25079,0,9042,393216,3735552,0.0038534694,0.003548786,0.0004026871637,5
density,grid,obstacle_density,0.2,262144,209667,4,0,11594663485207283587,astar,euclidean,binary,1,1,1022,201753,202493,0,825,24576,3182592,0.031866645,0.031410042,0.0003674065864,5
density,grid,obstacle_density,0.2,262144,210005,4,1,14092705076160785746,bfs,none,queue,1,1,1021,209500,209500,0,489,1048576,4718592,0.0068472724,0.006091535,0.0006799833928,5
density,grid,obstacle_density,0.2,262144,210005,4,1,14092705076160785746,dijkstra,none,binary,1,1,1021,209500,209500,0,482,12288,3164160,0.0306322696,0.029617791,0.0008899877067,5
density,grid,obstacle_density,0.2,262144,210005,4,1,14092705076160785746,astar,zero,binary,1,1,1021,209500,209500,0,482,12288,3164160,0.0250986618,0.024863528,0.0002126942724,5
density,grid,obstacle_density,0.2,262144,210005,4,1,14092705076160785746,astar,manhattan,binary,1,1,1021,25215,39281,0,14067,393216,3735552,0.0041433238,0.004106158,4.181220391e-05,5
density,grid,obstacle_density,0.2,262144,210005,4,1,14092705076160785746,astar,euclidean,binary,1,1,1021,201666,202431,0,822,24576,3182592,0.0259221626,0.025009759,0.001059949658,5
density,grid,obstacle_density,0.2,262144,210012,4,2,3987015015207046251,bfs,none,queue,1,1,1022,209564,209564,0,483,1048576,4718592,0.006981348,0.00628959,0.0005971458785,5
density,grid,obstacle_density,0.2,262144,210012,4,2,3987015015207046251,dijkstra,none,binary,1,1,1022,209564,209564,0,484,12288,3164160,0.0244473056,0.022458974,0.001600491754,5
density,grid,obstacle_density,0.2,262144,210012,4,2,3987015015207046251,astar,zero,binary,1,1,1022,209564,209564,0,484,12288,3164160,0.027489629,0.026993856,0.0002928686573,5
density,grid,obstacle_density,0.2,262144,210012,4,2,3987015015207046251,astar,manhattan,binary,1,1,1022,17586,27512,0,9927,393216,3735552,0.0030169522,0.002870976,0.0001113247609,5
density,grid,obstacle_density,0.2,262144,210012,4,2,3987015015207046251,astar,euclidean,binary,1,1,1022,201415,202163,0,806,24576,3182592,0.0274710088,0.02592602,0.001721058424,5
density,grid,obstacle_density,0.2,262144,209412,4,3,6139807571151560283,bfs,none,queue,1,1,1020,208967,208967,0,476,1048576,4718592,0.0058287748,0.005699015,8.86295192e-05,5
density,grid,obstacle_density,0.2,262144,209412,4,3,6139807571151560283,dijkstra,none,binary,1,1,1020,208967,208967,0,478,12288,3164160,0.0262585516,0.024000863,0.002274682609,5
density,grid,obstacle_density,0.2,262144,209412,4,3,6139807571151560283,astar,zero,binary,1,1,1020,208967,208967,0,478,12288,3164160,0.0287213256,0.023896887,0.00529656606,5
density,grid,obstacle_density,0.2,262144,209412,4,3,6139807571151560283,astar,manhattan,binary,1,1,1020,14993,23288,0,8296,393216,3735552,0.0030323194,0.002823419,0.0001951257507,5
density,grid,obstacle_density,0.2,262144,209412,4,3,6139807571151560283,astar,euclidean,binary,1,1,1020,201177,201890,0,809,24576,3182592,0.0249838306,0.023418754,0.0009729631513,5
density,grid,obstacle_density,0.2,262144,209729,4,4,4443799048407459959,bfs,none,queue,1,1,1022,209226,209227,0,472,1048576,4718592,0.0058037272,0.005629939,0.0001867281448,5
density,grid,obstacle_density,0.2,262144,209729,4,4,4443799048407459959,dijkstra,none,binary,1,1,1022,209226,209227,0,472,12288,3164160,0.0260678576,0.023821357,0.002370393702,5
density,grid,obstacle_density,0.2,262144,209729,4,4,4443799048407459959,astar,zero,binary,1,1,1022,209226,209227,0,472,12288,3164160,0.0260520542,0.025847303,0.0001789824084,5
density,grid,obstacle_density,0.2,262144,209729,4,4,4443799048407459959,astar,manhattan,binary,1,1,1022,16809,25982,0,9174,393216,3735552,0.0030827922,0.002866308,0.000198814715,5
density,grid,obstacle_density,0.2,262144,209729,4,4,4443799048407459959,astar,euclidean,binary,1,1,1022,201689,202431,0,789,24576,3182592,0.027788523,0.026018526,0.001273111136,5
density,grid,obstacle_density,0.25,262144,196743,4,0,11066362273198223359,bfs,none,queue,1,1,1021,195396,195396,0,464,1048576,4718592,0.006539002,0.006119556,0.0005435410181,5
density,grid,obstacle_density,0.25,262144,196743,4,0,11066362273198223359,dijkstra,none,binary,1,1,1021,195396,195396,0,454,12288,3164160,0.0257901016,0.023178747,0.001959301212,5
density,grid,obstacle_density,0.25,262144,196743,4,0,11066362273198223359,astar,zero,binary,1,1,1021,195396,195396,0,454,12288,3164160,0.0234982812,0.022200597,0.00109102142,5
density,grid,obstacle_density,0.25,262144,196743,4,0,11066362273198223359,astar,manhattan,binary,1,1,1021,7237,11048,0,3812,98304,3293184,0.0013455914,0.001271952,0.0001091524117,5
density,grid,obstacle_density,0.25,262144,196743,4,0,11066362273198223359,astar,euclidean,binary,1,1,1021,181407,182114,0,767,24576,3182592,0.0228309476,0.022473356,0.0003248017302,5
density,grid,obstacle_density,0.25,262144,196778,4,1,14714537391736610469,bfs,none,queue,1,1,1021,195520,195520,0,458,1048576,4718592,0.0062139228,0.006149799,4.545577533e-05,5
density,grid,obstacle_density,0.25,262144,196778,4,1,14714537391736610469,dijkstra,none,binary,1,1,1021,195520,195520,0,459,12288,3164160,0.0234246316,0.022973912,0.0005141449047,5
density,grid,obstacle_density,0.25,262144,196778,4,1,14714537391736610469,astar,zero,binary,1,1,1021,195520,195520,0,459,12288,3164160,0.0223949602,0.022143216,0.0003652512045,5
density,grid,obstacle_density,0.25,262144,196778,4,1,14714537391736610469,astar,manhattan,binary,1,1,1021,12803,19208,0,6406,196608,3440640,0.0020115726,0.001983913,2.335397862e-05,5
density,grid,obstacle_density,0.25,262144,196778,4,1,14714537391736610469,astar,euclidean,binary,1,1,1021,180837,181542,0,763,24576,3182592,0.0215880142,0.020749997,0.0006090151901,5
density,grid,obstacle_density,0.25,262144,197021,4,2,8826554765347587179,bfs,none,queue,1,1,1022,195829,195829,0,444,1048576,4718592,0.0069040932,0.006413648,0.0003986830521,5
density,grid,obstacle_density,0.25,262144,197021,4,2,8826554765347587179,dijkstra,none,binary,1,1,1022,195829,195829,0,444,12288,3164160,0.0229300368,0.021745311,0.0009861765928,5
density,grid,obstacle_density,0.25,262144,197021,4,2,8826554765347587179,astar,zero,binary,1,1,1022,195829,195829,0,444,12288,3164160,0.025087034,0.023823925,0.001624465605,5
density,grid,obstacle_density,0.25,262144,197021,4,2,8826554765347587179,astar,manhattan,binary,1,1,1022,11619,17454,0,5836,196608,3440640,0.0023547268,0.002209048,9.921695889e-05,5
density,grid,obstacle_density,0.25,262144,197021,4,2,8826554765347587179,astar,euclidean,binary,1,1,1022,182197,182873,0,764,24576,3182592,0.0244556158,0.022544659,0.002417537064,5
density,grid,obstacle_density,0.25,262144,196701,4,3,15713003872792798617,bfs,none,queue,1,1,1022,195468,195468,0,460,1048576,4718592,0.0094630774,0.008684033,0.0005713254823,5
density,grid,obstacle_density,0.25,262144,196701,4,3,15713003872792798617,dijkstra,none,binary,1,1,1022,195468,195468,0,461,12288,3164160,0.030237304,0.027484713,0.003104735994,5
density,grid,obstacle_density,0.25,262144,196701,4,3,15713003872792798617,astar,zero,binary,1,1,1022,195468,195468,0,461,12288,3164160,0.0288676534,0.024323989,0.002984735985,5
density,grid,obstacle_density,0.25,262144,196701,4,3,15713003872792798617,astar,manhattan,binary,1,1,1022,11222,16824,0,5603,196608,3440640,0.0019476252,0.001883501,0.0001024558627,5
density,grid,obstacle_density,0.25,262144,196701,4,3,15713003872792798617,astar,euclidean,binary,1,1,1022,181640,182350,0,797,24576,3182592,0.023263926,0.022780113,0.0004389120594,5
density,grid,obstacle_density,0.25,262144,196586,4,4,11711388941069573100,bfs,none,queue,1,1,1022,195360,195360,0,472,1048576,4718592,0.0061326498,0.006073964,6.498668311e-05,5
density,grid,obstacle_density,0.25,262144,196586,4,4,11711388941069573100,dijkstra,none,binary,1,1,1022,195360,195360,0,472,12288,3164160,0.0243164958,0.022689349,0.00186450863,5
density,grid,obstacle_density,0.25,262144,196586,4,4,11711388941069573100,astar,zero,binary,1,1,1022,195360,195360,0,472,12288,3164160,0.0252073238,0.02179322,0.002124946636,5
density,grid,obstacle_density,0.25,262144,196586,4,4,11711388941069573100,astar,manhattan,binary,1,1,1022,11350,17148,0,5799,196608,3440640,0.0019835638,0.001947034,3.145890519e-05,5
density,grid,obstacle_density,0.25,262144,196586,4,4,11711388941069573100,astar,euclidean,binary,1,1,1022,179166,179816,0,767,24576,3182592,0.0245916642,0.022725138,0.002664367571,5
density,grid,obstacle_density,0.3,262144,183747,4,0,2124395698809514529,bfs,none,queue,1,1,1020,180431,180432,0,454,1048576,4718592,0.006433597,0.006345337,8.332019754e-05,5
density,grid,obstacle_density,0.3,262144,183747,4,0,2124395698809514529,dijkstra,none,binary,1,1,1020,180432,180432,0,454,12288,3164160,0.0232291282,0.021971123,0.001576091755,5
density,grid,obstacle_density,0.3,262144,183747,4,0,2124395698809514529,astar,zero,binary,1,1,1020,180432,180432,0,454,12288,3164160,0.0228198222,0.022635622,0.0001400300148,5
density,grid,obstacle_density,0.3,262144,183747,4,0,2124395698809514529,astar,manhattan,binary,1,1,1020,12368,17627,0,5260,196608,3440640,0.0020656606,0.002024838,4.730212128e-05,5
density,grid,obstacle_density,0.3,262144,183747,4,0,2124395698809514529,astar,euclidean,binary,1,1,1020,158141,158786,0,721,24576,3182592,0.0202673748,0.0201884,9.230406949e-05,5
density,grid,obstacle_density,0.3,262144,183098,4,1,17872604086849267314,bfs,none,queue,1,1,1024,179828,179829,0,451,1048576,4718592,0.0064194986,0.006370148,4.552110734e-05,5
density,grid,obstacle_density,0.3,262144,183098,4,1,17872604086849267314,dijkstra,none,binary,1,1,1024,179829,179829,0,454,12288,3164160,0.0221132968,0.021569927,0.0007925754874,5
density,grid,obstacle_density,0.3,262144,183098,4,1,17872604086849267314,astar,zero,binary,1,1,1024,179829,179829,0,454,12288,3164160,0.0245342998,0.02331932,0.001123091099,5
density,grid,obstacle_density,0.3,262144,183098,4,1,17872604086849267314,astar,manhattan,binary,1,1,1024,8999,12751,3,3750,98304,3293184,0.001824404,0.001496824,0.0004084520275,5
density,grid,obstacle_density,0.3,262144,183098,4,1,17872604086849267314,astar,euclidean,binary,1,1,1024,153476,154153,0,734,24576,3182592,0.0243266482,0.015696661,0.007924135041,5
density,grid,obstacle_density,0.3,262144,183787,4,2,10184648983811253941,bfs,none,queue,1,1,1032,180434,180434,0,413,1048576,4718592,0.006586782,0.006443562,0.0001301320566,5
density,grid,obstacle_density,0.3,262144,183787,4,2,10184648983811253941,dijkstra,none,binary,1,1,1032,180434,180434,0,415,12288,3164160,0.0240761108,0.022081752,0.00121049571,5
density,grid,obstacle_density,0.3,262144,183787,4,2,10184648983811253941,astar,zero,binary,1,1,1032,180434,180434,0,415,12288,3164160,0.0245037666,0.022964813,0.001959863796,5
density,grid,obstacle_density,0.3,262144,183787,4,2,10184648983811253941,astar,manhattan,binary,1,1,1032,30964,40910,4303,5644,196608,3440640,0.0058936236,0.005755031,0.00020433859,5
density,grid,obstacle_density,0.3,262144,183787,4,2,10184648983811253941,astar,euclidean,binary,1,1,1032,157655,158262,0,746,24576,3182592,0.0209723254,0.020368113,0.0006601464485,5
density,grid,obstacle_density,0.3,262144,183832,4,3,11095444218610107858,bfs,none,queue,1,1,1020,180540,180541,0,434,1048576,4718592,0.0082888276,0.006450481,0.002377164735,5
density,grid,obstacle_density,0.3,262144,183832,4,3,11095444218610107858,dijkstra,none,binary,1,1,1020,180541,180542,0,432,12288,3164160,0.0223034832,0.021839839,0.0004232493707,5
density,grid,obstacle_density,0.3,262144,183832,4,3,11095444218610107858,astar,zero,binary,1,1,1020,180541,180542,0,432,12288,3164160,0.023942662,0.023556974,0.0002977392789,5
density,grid,obstacle_density,0.3,262144,183832,4,3,11095444218610107858,astar,manhattan,binary,1,1,1020,15290,21688,25,6390,196608,3440640,0.0027365412,0.002601091,0.0001181420629,5
density,grid,obstacle_density,0.3,262144,183832,4,3,11095444218610107858,astar,euclidean,binary,1,1,1020,155443,156008,0,740,24576,3182592,0.0203630472,0.018790069,0.001698040666,5
density,grid,obstacle_density,0.3,262144,183617,4,4,2899929576900566915,bfs,none,queue,1,1,1033,180365,180365,0,440,1048576,4718592,0.0071624604,0.006784416,0.0004724165197,5
density,grid,obstacle_density,0.3,262144,183617,4,4,2899929576900566915,dijkstra,none,binary,1,1,1033,180365,180365,0,437,12288,3164160,0.0239811964,0.02247991,0.002282596656,5
density,grid,obstacle_density,0.3,262144,183617,4,4,2899929576900566915,astar,zero,binary,1,1,1033,180365,180365,0,437,12288,3164160,0.024066314,0.022732207,0.001693424946,5
density,grid,obstacle_density,0.3,262144,183617,4,4,2899929576900566915,astar,manhattan,binary,1,1,1033,80945,100427,15452,10570,393216,3735552,0.0159745418,0.015259632,0.0009272361061,5
density,grid,obstacle_density,0.3,262144,183617,4,4,2899929576900566915,astar,euclidean,binary,1,1,1033,163194,163640,11,751,24576,3182592,0.0227432682,0.019106131,0.003342596737,5
density,grid,obstacle_density,0.35,262144,170258,4,0,11874357104235406156,bfs,none,queue,1,1,1085,161055,161055,0,381,1048576,4718592,0.0060866626,0.005867594,0.0002940152086,5
density,grid,obstacle_density,0.35,262144,170258,4,0,11874357104235406156,dijkstra,none,binary,1,1,1085,161055,161055,0,380,12288,3164160,0.0239467862,0.020355547,0.002406450235,5
density,grid,obstacle_density,0.35,262144,170258,4,0,11874357104235406156,astar,zero,binary,1,1,1085,161055,161055,0,380,12288,3164160,0.0227461554,0.021012831,0.001113671152,5
density,grid,obstacle_density,0.35,262144,170258,4,0,11874357104235406156,astar,manhattan,binary,1,1,1085,82719,93765,9098,2904,98304,3293184,0.0169365996,0.015811707,0.001056280256,5
density,grid,obstacle_density,0.35,262144,170258,4,0,11874357104235406156,astar,euclidean,binary,1,1,1085,138838,139265,0,695,24576,3182592,0.0200858172,0.019096174,0.0008009092016,5
density,grid,obstacle_density,0.35,262144,170339,4,1,5119489567688367337,bfs,none,queue,1,1,1067,160661,160661,0,383,1048576,4718592,0.0068971756,0.006416601,0.0006128290805,5
density,grid,obstacle_density,0.35,262144,170339,4,1,5119489567688367337,dijkstra,none,binary,1,1,1067,160661,160661,0,382,12288,3164160,0.019045776,0.018666156,0.0005175181927,5
density,grid,obstacle_density,0.35,262144,170339,4,1,5119489567688367337,astar,zero,binary,1,1,1067,160661,160661,0,382,12288,3164160,0.0210140598,0.020421984,0.0005966036751,5
density,grid,obstacle_density,0.35,262144,170339,4,1,5119489567688367337,astar,manhattan,binary,1,1,1067,37382,43543,4223,1939,49152,3219456,0.0060845018,0.005844852,0.0002116930703,5
density,grid,obstacle_density,0.35,262144,170339,4,1,5119489567688367337,astar,euclidean,binary,1,1,1067,124879,125456,0,674,24576,3182592,0.0152330726,0.01482192,0.0002677591428,5
density,grid,obstacle_density,0.35,262144,170533,4,2,15426000988921485388,bfs,none,queue,1,1,1060,160670,160672,0,417,1048576,4718592,0.006538326,0.005951804,0.001067494234,5
density,grid,obstacle_density,0.35,262144,170533,4,2,15426000988921485388,dijkstra,none,binary,1,1,1060,160670,160672,0,416,12288,3164160,0.0250578916,0.021990408,0.001719703637,5
density,grid,obstacle_density,0.35,262144,170533,4,2,15426000988921485388,astar,zero,binary,1,1,1060,160670,160672,0,416,12288,3164160,0.0185681136,0.018077237,0.0004162903486,5
density,grid,obstacle_density,0.35,262144,170533,4,2,15426000988921485388,astar,manhattan,binary,1,1,1060,58505,66838,6580,2287,98304,3293184,0.0096953488,0.009573475,0.0001058472627,5
density,grid,obstacle_density,0.35,262144,170533,4,2,15426000988921485388,astar,euclidean,binary,1,1,1060,128892,129378,1,644,24576,3182592,0.015697507,0.013454221,0.001790510552,5
density,grid,obstacle_density,0.35,262144,170274,4,3,15104676793873469975,bfs,none,queue,1,1,1095,160785,160797,0,382,1048576,4718592,0.0060267254,0.005837099,0.0001575085551,5
density,grid,obstacle_density,0.35,262144,170274,4,3,15104676793873469975,dijkstra,none,binary,1,1,1095,160790,160804,0,382,12288,3164160,0.0197020166,0.019326115,0.0002312728414,5
density,grid,obstacle_density,0.35,262144,170274,4,3,15104676793873469975,astar,zero,binary,1,1,1095,160790,160804,0,382,12288,3164160,0.0196863892,0.019177455,0.0005213416304,5
density,grid,obstacle_density,0.35,262144,170274,4,3,15104676793873469975,astar,manhattan,binary,1,1,1095,79972,90789,8883,2516,98304,3293184,0.0137718026,0.013297656,0.0004667235395,5
density,grid,obstacle_density,0.35,262144,170274,4,3,15104676793873469975,astar,euclidean,binary,1,1,1095,136960,137392,2,697,24576,3182592,0.0231528582,0.017568158,0.00499711106,5
density,grid,obstacle_density,0.35,262144,170733,4,4,11031598492224832715,bfs,none,queue,1,1,1083,161998,162004,0,357,1048576,4718592,0.0115052048,0.007546977,0.002448437158,5
density,grid,obstacle_density,0.35,262144,170733,4,4,11031598492224832715,dijkstra,none,binary,1,1,1083,162001,162007,0,357,12288,3164160,0.0325727174,0.025082676,0.00683440549,5
density,grid,obstacle_density,0.35,262144,170733,4,4,11031598492224832715,astar,zero,binary,1,1,1083,162001,162007,0,357,12288,3164160,0.0301082404,0.021895067,0.007127372972,5
density,grid,obstacle_density,0.35,262144,170733,4,4,11031598492224832715,astar,manhattan,binary,1,1,1083,68827,79446,7780,2918,98304,3293184,0.0127567794,0.012544718,0.0003108338387,5
density,grid,obstacle_density,0.35,262144,170733,4,4,11031598492224832715,astar,euclidean,binary,1,1,1083,136780,137316,1,689,24576,3182592,0.0181596438,0.017964742,0.0001358282767,5
density,grid,obstacle_density,0.4,262144,157263,4,0,11741903182231054935,bfs,none,queue,1,1,1300,101325,101424,0,240,524288,3932160,0.0044330716,0.004253833,0.0001932857338,5
density,grid,obstacle_density,0.4,262144,157263,4,0,11741903182231054935,dijkstra,none,binary,1,1,1300,101289,101382,0,244,6144,3154944,0.011969279,0.0118531,0.0001125751128,5
density,grid,obstacle_density,0.4,262144,157263,4,0,11741903182231054935,astar,zero,binary,1,1,1300,101289,101382,0,244,6144,3154944,0.0126579012,0.012284199,0.0003885449553,5
density,grid,obstacle_density,0.4,262144,157263,4,0,11741903182231054935,astar,manhattan,binary,1,1,1300,64491,68584,3735,593,24576,3182592,0.010011401,0.009790319,0.0001849289988,5
density,grid,obstacle_density,0.4,262144,157263,4,0,11741903182231054935,astar,euclidean,binary,1,1,1300,74302,74437,4,317,12288,3164160,0.0087970266,0.008739432,3.853114464e-05,5
density,grid,obstacle_density,0.4,262144,157152,4,1,14784661844006040386,bfs,none,queue,1,1,1691,74607,74626,0,174,524288,3932160,0.003152291,0.003104158,4.32660007e-05,5
density,grid,obstacle_density,0.4,262144,157152,4,1,14784661844006040386,dijkstra,none,binary,1,1,1691,74626,74650,0,176,6144,3154944,0.0082638456,0.008111136,9.608397767e-05,5
density,grid,obstacle_density,0.4,262144,157152,4,1,14784661844006040386,astar,zero,binary,1,1,1691,74626,74650,0,176,6144,3154944,0.0086970648,0.008605176,0.0001499259241,5
density,grid,obstacle_density,0.4,262144,157152,4,1,14784661844006040386,astar,manhattan,binary,1,1,1691,55646,58470,2724,222,6144,3154944,0.0078675128,0.007675933,0.000127713744,5
density,grid,obstacle_density,0.4,262144,157152,4,1,14784661844006040386,astar,euclidean,binary,1,1,1691,61172,61268,1,195,6144,3154944,0.0068703598,0.006757834,0.0001009095888,5
density,grid,obstacle_density,0.4,262144,157559,4,2,2606860588698764857,bfs,none,queue,1,1,1582,63647,63671,0,102,262144,3538944,0.0027052582,0.002642354,6.629866932e-05,5
density,grid,obstacle_density,0.4,262144,157559,4,2,2606860588698764857,dijkstra,none,binary,1,1,1582,63670,63693,0,104,3072,3150336,0.0067767356,0.006677078,0.0001020379583,5
density,grid,obstacle_density,0.4,262144,157559,4,2,2606860588698764857,astar,zero,binary,1,1,1582,63670,63693,0,104,3072,3150336,0.0070638554,0.006991814,7.67391215e-05,5
density,grid,obstacle_density,0.4,262144,157559,4,2,2606860588698764857,astar,manhattan,binary,1,1,1582,55819,58885,2902,259,12288,3164160,0.0082868974,0.007838277,0.0006245478348,5
density,grid,obstacle_density,0.4,262144,157559,4,2,2606860588698764857,astar,euclidean,binary,1,1,1582,59207,59297,1,208,6144,3154944,0.0082467796,0.007591125,0.0004224415104,5
density,grid,obstacle_density,0.4,262144,157334,4,3,1923776582897668652,bfs,none,queue,1,1,1213,102055,102124,0,225,524288,3932160,0.0048060482,0.004067207,0.0006427114496,5
density,grid,obstacle_density,0.4,262144,157334,4,3,1923776582897668652,dijkstra,none,binary,1,1,1213,102078,102147,0,222,6144,3154944,0.0115201298,0.011187012,0.000508587022,5
density,grid,obstacle_density,0.4,262144,157334,4,3,1923776582897668652,astar,zero,binary,1,1,1213,102078,102147,0,222,6144,3154944,0.012568371,0.012326013,0.0002457708979,5
density,grid,obstacle_density,0.4,262144,157334,4,3,1923776582897668652,astar,manhattan,binary,1,1,1213,68333,72597,4021,684,24576,3182592,0.0103280054,0.010256711,5.862125193e-05,5
density,grid,obstacle_density,0.4,262144,157334,4,3,1923776582897668652,astar,euclidean,binary,1,1,1213,78185,78303,0,359,12288,3164160,0.0093345288,0.009118867,0.0002600915248,5
density,grid,obstacle_density,0.4,262144,157589,4,4,5526865818838072400,bfs,none,queue,1,1,1693,114430,114437,0,192,524288,3932160,0.0046284774,0.004523159,0.0001631580955,5
density,grid,obstacle_density,0.4,262144,157589,4,4,5526865818838072400,dijkstra,none,binary,1,1,1693,114433,114440,0,193,6144,3154944,0.0140836044,0.013397934,0.0005420562654,5
density,grid,obstacle_density,0.4,262144,157589,4,4,5526865818838072400,astar,zero,binary,1,1,1693,114433,114440,0,193,6144,3154944,0.0113100062,0.010759256,0.0005627223667,5
density,grid,obstacle_density,0.4,262144,157589,4,4,5526865818838072400,astar,manhattan,binary,1,1,1693,111175,117502,6226,672,24576,3182592,0.0132840094,0.013005302,0.0002700118694,5
density,grid,obstacle_density,0.4,262144,157589,4,4,5526865818838072400,astar,euclidean,binary,1,1,1693,112330,112408,6,319,12288,3164160,0.0108629302,0.010712482,0.0001361672462,5
